species_code	original_sequence_id	numeric_chromosome	length_bp
PMAJ	CM048839.1	1	113784451
PMAJ	CM048840.1	2	112697239
PMAJ	CM048841.1	3	106125141
PMAJ	CM048842.1	4	93210706
PMAJ	CM048843.1	5	91724435
PMAJ	CM048844.1	6	74687028
VANA	OZ240902.1	1	72443834
VANA	OZ240903.1	2	71983679
VANA	OZ240904.1	3	66885052
VANA	OZ240905.1	4	60725797
VANA	OZ240906.1	5	57888491
VANA	OZ240907.1	6	57467004
VANA	OZ240908.1	7	57211297
VANA	OZ240909.1	8	56551949
VANA	OZ240910.1	9	55543406
VANA	OZ240911.1	10	53728330
VANA	OZ240912.1	11	53080490
VANA	OZ240913.1	12	52289528
VANA	OZ240914.1	13	49596984
VANA	OZ240915.1	14	49434300
VANA	OZ240916.1	15	49314072
VANA	OZ240917.1	16	43822836
VANA	OZ240918.1	17	42349955
VANA	OZ240919.1	18	41349051
VSER	OZ078796.1	1	67298975
VSER	OZ078797.1	2	61065922
VSER	OZ078798.1	3	58544098
VSER	OZ078799.1	4	53428455
VSER	OZ078800.1	5	47840899
VSER	OZ078801.1	6	39848825
VSER	OZ078802.1	7	39217513
VPER	OZ242975.1	1	50300061
VPER	OZ242976.1	2	50190628
VPER	OZ242977.1	3	49028371
VPER	OZ242978.1	4	45672293
VPER	OZ242979.1	5	45278501
VPER	OZ242980.1	6	45173076
VPER	OZ242981.1	7	43899030
VPER	OZ242982.1	8	43021920
VPER	OZ242983.1	9	41484839
VPER	OZ242984.1	10	41155816
VPER	OZ242985.1	11	41122317
VPER	OZ242986.1	12	40873031
VPER	OZ242987.1	13	40731968
VPER	OZ242988.1	14	40622141
VVER	OZ060453.1	1	65723530
VVER	OZ060454.1	2	63779428
VVER	OZ060455.1	3	57762453
VVER	OZ060456.1	4	56820964
VVER	OZ060457.1	5	54887589
VVER	OZ060458.1	6	54070539
VVER	OZ060459.1	7	53900125
VVER	OZ060460.1	8	51427018
VARV	OZ125083.1	1	58132472
VARV	OZ125084.1	2	51317698
VARV	OZ125085.1	3	45578877
VARV	OZ125086.1	4	45190452
VARV	OZ125087.1	5	43793204
VARV	OZ125088.1	6	43318471
VARV	OZ125089.1	7	40639213
VARV	OZ125090.1	8	39378902
VPAN	Chr1	1	27309083
VPAN	Chr2	2	29629758
VPAN	Chr3	3	30539573
VPAN	Chr4	4	23793664
VPAN	Chr5	5	21249483
VPAN	Chr6	6	27690849
VPAN	Chr7	7	26614034
VPAN	Chr8	8	25366689
VPAN	Chr9	9	25741366
VTRI	OZ076749.1	1	78136793
VTRI	OZ076750.1	2	77467772
VTRI	OZ076751.1	3	73689922
VTRI	OZ076752.1	4	73444829
VTRI	OZ076753.1	5	68128779
VTRI	OZ076754.1	6	67133274
VTRI	OZ076755.1	7	60615273
VSCU	OZ240795.1	1	91991612
VSCU	OZ240796.1	2	90761041
VSCU	OZ240797.1	3	89813783
VSCU	OZ240798.1	4	87128822
VSCU	OZ240799.1	5	86660642
VSCU	OZ240800.1	6	81410590
VSCU	OZ240801.1	7	76281056
VSCU	OZ240802.1	8	73071107
VSCU	OZ240803.1	9	71962070
