species_code	chromosome	length_bp	length_Mb
PMAJ	CM048839.1	113784451	113.784451
PMAJ	CM048840.1	112697239	112.697239
PMAJ	CM048841.1	106125141	106.125141
PMAJ	CM048842.1	93210706	93.210706
PMAJ	CM048843.1	91724435	91.724435
PMAJ	CM048844.1	74687028	74.687028
VPAN	Chr1	27309083	27.309083
VPAN	Chr2	29629758	29.629758
VPAN	Chr3	30539573	30.539573
VPAN	Chr4	23793664	23.793664
VPAN	Chr5	21249483	21.249483
VPAN	Chr6	27690849	27.690849
VPAN	Chr7	26614034	26.614034
VPAN	Chr8	25366689	25.366689
VPAN	Chr9	25741366	25.741366
VSCU	OZ240795.1	91991612	91.991612
VSCU	OZ240796.1	90761041	90.761041
VSCU	OZ240797.1	89813783	89.813783
VSCU	OZ240798.1	87128822	87.128822
VSCU	OZ240799.1	86660642	86.660642
VSCU	OZ240800.1	81410590	81.410590
VSCU	OZ240801.1	76281056	76.281056
VSCU	OZ240802.1	73071107	73.071107
VSCU	OZ240803.1	71962070	71.962070
VANA	OZ240902.1	72443834	72.443834
VANA	OZ240903.1	71983679	71.983679
VANA	OZ240904.1	66885052	66.885052
VANA	OZ240905.1	60725797	60.725797
VANA	OZ240906.1	57888491	57.888491
VANA	OZ240907.1	57467004	57.467004
VANA	OZ240908.1	57211297	57.211297
VANA	OZ240909.1	56551949	56.551949
VANA	OZ240910.1	55543406	55.543406
VANA	OZ240911.1	53728330	53.728330
VANA	OZ240912.1	53080490	53.080490
VANA	OZ240913.1	52289528	52.289528
VANA	OZ240914.1	49596984	49.596984
VANA	OZ240915.1	49434300	49.434300
VANA	OZ240916.1	49314072	49.314072
VANA	OZ240917.1	43822836	43.822836
VANA	OZ240918.1	42349955	42.349955
VANA	OZ240919.1	41349051	41.349051
VARV	OZ125083.1	58132472	58.132472
VARV	OZ125084.1	51317698	51.317698
VARV	OZ125085.1	45578877	45.578877
VARV	OZ125086.1	45190452	45.190452
VARV	OZ125087.1	43793204	43.793204
VARV	OZ125088.1	43318471	43.318471
VARV	OZ125089.1	40639213	40.639213
VARV	OZ125090.1	39378902	39.378902
VPER	OZ242975.1	50300061	50.300061
VPER	OZ242976.1	50190628	50.190628
VPER	OZ242977.1	49028371	49.028371
VPER	OZ242978.1	45672293	45.672293
VPER	OZ242979.1	45278501	45.278501
VPER	OZ242980.1	45173076	45.173076
VPER	OZ242981.1	43899030	43.899030
VPER	OZ242982.1	43021920	43.021920
VPER	OZ242983.1	41484839	41.484839
VPER	OZ242984.1	41155816	41.155816
VPER	OZ242985.1	41122317	41.122317
VPER	OZ242986.1	40873031	40.873031
VPER	OZ242987.1	40731968	40.731968
VPER	OZ242988.1	40622141	40.622141
VSER	OZ078796.1	67298975	67.298975
VSER	OZ078797.1	61065922	61.065922
VSER	OZ078798.1	58544098	58.544098
VSER	OZ078799.1	53428455	53.428455
VSER	OZ078800.1	47840899	47.840899
VSER	OZ078801.1	39848825	39.848825
VSER	OZ078802.1	39217513	39.217513
VTRI	OZ076749.1	78136793	78.136793
VTRI	OZ076750.1	77467772	77.467772
VTRI	OZ076751.1	73689922	73.689922
VTRI	OZ076752.1	73444829	73.444829
VTRI	OZ076753.1	68128779	68.128779
VTRI	OZ076754.1	67133274	67.133274
VTRI	OZ076755.1	60615273	60.615273
VVER	OZ060453.1	65723530	65.723530
VVER	OZ060454.1	63779428	63.779428
VVER	OZ060455.1	57762453	57.762453
VVER	OZ060456.1	56820964	56.820964
VVER	OZ060457.1	54887589	54.887589
VVER	OZ060458.1	54070539	54.070539
VVER	OZ060459.1	53900125	53.900125
VVER	OZ060460.1	51427018	51.427018
