chromosome	display_chromosome	window_index	start	end	window_bp	gene_count	gypsy_bp	gypsy_fraction	copia_bp	copia_fraction	dna_bp	dna_fraction	gc_fraction
VPAN_seq000001	chr1	1	0	1000000	1000000	175	2952	0.00295200	1374	0.00137400	94815	0.09481500	0.34770500
VPAN_seq000001	chr1	2	1000000	2000000	1000000	185	1726	0.00172600	4254	0.00425400	91490	0.09149000	0.34482700
VPAN_seq000001	chr1	3	2000000	3000000	1000000	190	2034	0.00203400	8022	0.00802200	96797	0.09679700	0.34558846
VPAN_seq000001	chr1	4	3000000	4000000	1000000	167	9578	0.00957800	4940	0.00494000	97254	0.09725400	0.34606800
VPAN_seq000001	chr1	5	4000000	5000000	1000000	185	2016	0.00201600	6387	0.00638700	92416	0.09241600	0.34579900
VPAN_seq000001	chr1	6	5000000	6000000	1000000	192	738	0.00073800	4026	0.00402600	86475	0.08647500	0.34860500
VPAN_seq000001	chr1	7	6000000	7000000	1000000	184	1002	0.00100200	14739	0.01473900	125362	0.12536200	0.34428800
VPAN_seq000001	chr1	8	7000000	8000000	1000000	180	5260	0.00526000	618	0.00061800	98583	0.09858300	0.34564700
VPAN_seq000001	chr1	9	8000000	9000000	1000000	203	676	0.00067600	2399	0.00239900	115007	0.11500700	0.34736100
VPAN_seq000001	chr1	10	9000000	10000000	1000000	197	14097	0.01409700	9401	0.00940100	99499	0.09949900	0.35040000
VPAN_seq000001	chr1	11	10000000	11000000	1000000	161	4427	0.00442700	764	0.00076400	115948	0.11594800	0.34625800
VPAN_seq000001	chr1	12	11000000	12000000	1000000	157	4925	0.00492500	2281	0.00228100	104822	0.10482200	0.34230500
VPAN_seq000001	chr1	13	12000000	13000000	1000000	141	20688	0.02068800	11482	0.01148200	109093	0.10909300	0.35077000
VPAN_seq000001	chr1	14	13000000	14000000	1000000	139	9170	0.00917000	19730	0.01973000	151672	0.15167200	0.34289400
VPAN_seq000001	chr1	15	14000000	15000000	1000000	158	5224	0.00522400	21238	0.02123800	105787	0.10578700	0.34338200
VPAN_seq000001	chr1	16	15000000	16000000	1000000	140	11330	0.01133000	8160	0.00816000	121590	0.12159000	0.34358600
VPAN_seq000001	chr1	17	16000000	17000000	1000000	140	19117	0.01911700	22006	0.02200600	124751	0.12475100	0.34294529
VPAN_seq000001	chr1	18	17000000	18000000	1000000	107	34042	0.03404200	25334	0.02533400	151254	0.15125400	0.34501200
VPAN_seq000001	chr1	19	18000000	19000000	1000000	90	43023	0.04302300	37193	0.03719300	158160	0.15816000	0.34839084
VPAN_seq000001	chr1	20	19000000	20000000	1000000	73	115561	0.11556100	37175	0.03717500	132254	0.13225400	0.35939340
VPAN_seq000001	chr1	21	20000000	21000000	1000000	38	229858	0.22985800	26271	0.02627100	95670	0.09567000	0.38916452
VPAN_seq000001	chr1	22	21000000	22000000	1000000	50	248974	0.24897400	70238	0.07023800	141331	0.14133100	0.38913531
VPAN_seq000001	chr1	23	22000000	23000000	1000000	44	230857	0.23085700	49927	0.04992700	132641	0.13264100	0.37958492
VPAN_seq000001	chr1	24	23000000	24000000	1000000	41	206178	0.20617800	46782	0.04678200	142882	0.14288200	0.37494700
VPAN_seq000001	chr1	25	24000000	25000000	1000000	61	83202	0.08320200	61329	0.06132900	144282	0.14428200	0.35633689
VPAN_seq000001	chr1	26	25000000	26000000	1000000	101	46355	0.04635500	37339	0.03733900	143891	0.14389100	0.35042609
VPAN_seq000001	chr1	27	26000000	27000000	1000000	93	21524	0.02152400	28405	0.02840500	156760	0.15676000	0.34275948
VPAN_seq000001	chr1	28	27000000	27309083	309083	39	19643	0.06355251	4163	0.01346887	59551	0.19266993	0.35763660
VPAN_seq000002	chr2	1	0	1000000	1000000	46	126142	0.12614200	76706	0.07670600	143754	0.14375400	0.37095581
VPAN_seq000002	chr2	2	1000000	2000000	1000000	49	167057	0.16705700	62201	0.06220100	124945	0.12494500	0.36922284
VPAN_seq000002	chr2	3	2000000	3000000	1000000	31	239214	0.23921400	73479	0.07347900	110536	0.11053600	0.37983752
VPAN_seq000002	chr2	4	3000000	4000000	1000000	50	235781	0.23578100	38616	0.03861600	157404	0.15740400	0.38507054
VPAN_seq000002	chr2	5	4000000	5000000	1000000	28	217430	0.21743000	105426	0.10542600	136690	0.13669000	0.38352370
VPAN_seq000002	chr2	6	5000000	6000000	1000000	43	250881	0.25088100	68558	0.06855800	85421	0.08542100	0.38661950
VPAN_seq000002	chr2	7	6000000	7000000	1000000	49	167688	0.16768800	47726	0.04772600	153795	0.15379500	0.36447409
VPAN_seq000002	chr2	8	7000000	8000000	1000000	60	90261	0.09026100	30689	0.03068900	139224	0.13922400	0.35414279
VPAN_seq000002	chr2	9	8000000	9000000	1000000	57	142549	0.14254900	58001	0.05800100	153678	0.15367800	0.36484632
VPAN_seq000002	chr2	10	9000000	10000000	1000000	111	37489	0.03748900	43361	0.04336100	149808	0.14980800	0.35011003
VPAN_seq000002	chr2	11	10000000	11000000	1000000	114	14006	0.01400600	26652	0.02665200	149364	0.14936400	0.34045600
VPAN_seq000002	chr2	12	11000000	12000000	1000000	146	2877	0.00287700	19959	0.01995900	109450	0.10945000	0.34053400
VPAN_seq000002	chr2	13	12000000	13000000	1000000	149	4553	0.00455300	3477	0.00347700	132445	0.13244500	0.34330700
VPAN_seq000002	chr2	14	13000000	14000000	1000000	143	2550	0.00255000	13821	0.01382100	122434	0.12243400	0.34336600
VPAN_seq000002	chr2	15	14000000	15000000	1000000	172	590	0.00059000	924	0.00092400	124353	0.12435300	0.33876800
VPAN_seq000002	chr2	16	15000000	16000000	1000000	172	9010	0.00901000	6068	0.00606800	119348	0.11934800	0.34421942
VPAN_seq000002	chr2	17	16000000	17000000	1000000	148	4310	0.00431000	8793	0.00879300	100005	0.10000500	0.34555800
VPAN_seq000002	chr2	18	17000000	18000000	1000000	167	4512	0.00451200	11289	0.01128900	120867	0.12086700	0.34523500
VPAN_seq000002	chr2	19	18000000	19000000	1000000	169	3527	0.00352700	7586	0.00758600	99193	0.09919300	0.34365400
VPAN_seq000002	chr2	20	19000000	20000000	1000000	181	2928	0.00292800	1070	0.00107000	98348	0.09834800	0.34480848
VPAN_seq000002	chr2	21	20000000	21000000	1000000	187	1424	0.00142400	9415	0.00941500	110351	0.11035100	0.34207000
VPAN_seq000002	chr2	22	21000000	22000000	1000000	177	9897	0.00989700	5711	0.00571100	95731	0.09573100	0.34521100
VPAN_seq000002	chr2	23	22000000	23000000	1000000	189	2868	0.00286800	9641	0.00964100	101454	0.10145400	0.34498800
VPAN_seq000002	chr2	24	23000000	24000000	1000000	170	1180	0.00118000	5827	0.00582700	128530	0.12853000	0.33869100
VPAN_seq000002	chr2	25	24000000	25000000	1000000	168	798	0.00079800	5610	0.00561000	107247	0.10724700	0.34304700
VPAN_seq000002	chr2	26	25000000	26000000	1000000	170	1819	0.00181900	957	0.00095700	113816	0.11381600	0.34396800
VPAN_seq000002	chr2	27	26000000	27000000	1000000	163	1757	0.00175700	5586	0.00558600	95681	0.09568100	0.34518500
VPAN_seq000002	chr2	28	27000000	28000000	1000000	176	705	0.00070500	8339	0.00833900	120562	0.12056200	0.34022700
VPAN_seq000002	chr2	29	28000000	29000000	1000000	203	5600	0.00560000	8068	0.00806800	82808	0.08280800	0.34668200
VPAN_seq000002	chr2	30	29000000	29629758	629758	120	4580	0.00727263	6815	0.01082162	62994	0.10002890	0.34713493
VPAN_seq000003	chr3	1	0	1000000	1000000	37	233260	0.23326000	40347	0.04034700	182053	0.18205300	0.39848183
VPAN_seq000003	chr3	2	1000000	2000000	1000000	127	49092	0.04909200	28333	0.02833300	82278	0.08227800	0.35890486
VPAN_seq000003	chr3	3	2000000	3000000	1000000	145	2768	0.00276800	3636	0.00363600	124974	0.12497400	0.33825300
VPAN_seq000003	chr3	4	3000000	4000000	1000000	147	23984	0.02398400	5474	0.00547400	124828	0.12482800	0.34313731
VPAN_seq000003	chr3	5	4000000	5000000	1000000	109	11316	0.01131600	22174	0.02217400	124874	0.12487400	0.33924000
VPAN_seq000003	chr3	6	5000000	6000000	1000000	108	6011	0.00601100	24047	0.02404700	147286	0.14728600	0.33628500
VPAN_seq000003	chr3	7	6000000	7000000	1000000	129	5746	0.00574600	23227	0.02322700	140951	0.14095100	0.33777300
VPAN_seq000003	chr3	8	7000000	8000000	1000000	109	12880	0.01288000	22593	0.02259300	132803	0.13280300	0.34203900
VPAN_seq000003	chr3	9	8000000	9000000	1000000	98	31947	0.03194700	29971	0.02997100	181280	0.18128000	0.34742000
VPAN_seq000003	chr3	10	9000000	10000000	1000000	63	107261	0.10726100	38752	0.03875200	167637	0.16763700	0.35736732
VPAN_seq000003	chr3	11	10000000	11000000	1000000	113	67160	0.06716000	52617	0.05261700	125585	0.12558500	0.36058853
VPAN_seq000003	chr3	12	11000000	12000000	1000000	193	1053	0.00105300	6735	0.00673500	102122	0.10212200	0.34741000
VPAN_seq000003	chr3	13	12000000	13000000	1000000	184	1460	0.00146000	1548	0.00154800	102247	0.10224700	0.34462000
VPAN_seq000003	chr3	14	13000000	14000000	1000000	166	2129	0.00212900	4567	0.00456700	101028	0.10102800	0.34534900
VPAN_seq000003	chr3	15	14000000	15000000	1000000	126	4758	0.00475800	5938	0.00593800	119926	0.11992600	0.34892900
VPAN_seq000003	chr3	16	15000000	16000000	1000000	138	5002	0.00500200	1902	0.00190200	123997	0.12399700	0.34473900
VPAN_seq000003	chr3	17	16000000	17000000	1000000	149	1269	0.00126900	14394	0.01439400	123193	0.12319300	0.34625400
VPAN_seq000003	chr3	18	17000000	18000000	1000000	169	9712	0.00971200	4739	0.00473900	104531	0.10453100	0.34403500
VPAN_seq000003	chr3	19	18000000	19000000	1000000	160	4279	0.00427900	14731	0.01473100	102323	0.10232300	0.34702500
VPAN_seq000003	chr3	20	19000000	20000000	1000000	145	22976	0.02297600	6232	0.00623200	121521	0.12152100	0.34896300
VPAN_seq000003	chr3	21	20000000	21000000	1000000	149	15374	0.01537400	10903	0.01090300	116942	0.11694200	0.34217022
VPAN_seq000003	chr3	22	21000000	22000000	1000000	119	4078	0.00407800	17409	0.01740900	125427	0.12542700	0.34499400
VPAN_seq000003	chr3	23	22000000	23000000	1000000	135	17570	0.01757000	4410	0.00441000	119542	0.11954200	0.34381538
VPAN_seq000003	chr3	24	23000000	24000000	1000000	144	41560	0.04156000	9422	0.00942200	125141	0.12514100	0.34334300
VPAN_seq000003	chr3	25	24000000	25000000	1000000	142	21889	0.02188900	14705	0.01470500	119731	0.11973100	0.34575100
VPAN_seq000003	chr3	26	25000000	26000000	1000000	133	21395	0.02139500	15215	0.01521500	140592	0.14059200	0.34620700
VPAN_seq000003	chr3	27	26000000	27000000	1000000	110	28419	0.02841900	22702	0.02270200	145740	0.14574000	0.34563900
VPAN_seq000003	chr3	28	27000000	28000000	1000000	78	90966	0.09096600	35578	0.03557800	147062	0.14706200	0.35813681
VPAN_seq000003	chr3	29	28000000	29000000	1000000	56	108847	0.10884700	90301	0.09030100	128555	0.12855500	0.36611461
VPAN_seq000003	chr3	30	29000000	30000000	1000000	34	223034	0.22303400	53030	0.05303000	127512	0.12751200	0.38273500
VPAN_seq000003	chr3	31	30000000	30539573	539573	20	135098	0.25037947	39559	0.07331538	57228	0.10606165	0.38071600
VPAN_seq000004	chr4	1	0	1000000	1000000	69	193845	0.19384500	37510	0.03751000	120746	0.12074600	0.37895379
VPAN_seq000004	chr4	2	1000000	2000000	1000000	65	115173	0.11517300	37743	0.03774300	139798	0.13979800	0.35916743
VPAN_seq000004	chr4	3	2000000	3000000	1000000	72	136090	0.13609000	49037	0.04903700	146505	0.14650500	0.36642700
VPAN_seq000004	chr4	4	3000000	4000000	1000000	83	36610	0.03661000	20813	0.02081300	147788	0.14778800	0.34427808
VPAN_seq000004	chr4	5	4000000	5000000	1000000	119	23803	0.02380300	22072	0.02207200	161271	0.16127100	0.34179118
VPAN_seq000004	chr4	6	5000000	6000000	1000000	113	14434	0.01443400	21722	0.02172200	135332	0.13533200	0.33786179
VPAN_seq000004	chr4	7	6000000	7000000	1000000	106	4122	0.00412200	21285	0.02128500	127187	0.12718700	0.33773400
VPAN_seq000004	chr4	8	7000000	8000000	1000000	137	5989	0.00598900	12159	0.01215900	106618	0.10661800	0.34278300
VPAN_seq000004	chr4	9	8000000	9000000	1000000	127	4066	0.00406600	15162	0.01516200	130869	0.13086900	0.34101000
VPAN_seq000004	chr4	10	9000000	10000000	1000000	171	2147	0.00214700	13717	0.01371700	96182	0.09618200	0.35094447
VPAN_seq000004	chr4	11	10000000	11000000	1000000	147	3189	0.00318900	8212	0.00821200	97180	0.09718000	0.35052200
VPAN_seq000004	chr4	12	11000000	12000000	1000000	174	2964	0.00296400	16909	0.01690900	101725	0.10172500	0.34839300
VPAN_seq000004	chr4	13	12000000	13000000	1000000	146	9133	0.00913300	5827	0.00582700	119000	0.11900000	0.34391900
VPAN_seq000004	chr4	14	13000000	14000000	1000000	155	15530	0.01553000	15336	0.01533600	99205	0.09920500	0.34578800
VPAN_seq000004	chr4	15	14000000	15000000	1000000	164	783	0.00078300	4456	0.00445600	101189	0.10118900	0.34441800
VPAN_seq000004	chr4	16	15000000	16000000	1000000	147	7257	0.00725700	10704	0.01070400	110347	0.11034700	0.34245200
VPAN_seq000004	chr4	17	16000000	17000000	1000000	143	10719	0.01071900	13738	0.01373800	140293	0.14029300	0.33807081
VPAN_seq000004	chr4	18	17000000	18000000	1000000	132	10113	0.01011300	17235	0.01723500	139237	0.13923700	0.34245700
VPAN_seq000004	chr4	19	18000000	19000000	1000000	87	107715	0.10771500	37042	0.03704200	129465	0.12946500	0.36485549
VPAN_seq000004	chr4	20	19000000	20000000	1000000	38	177048	0.17704800	34249	0.03424900	164981	0.16498100	0.36935556
VPAN_seq000004	chr4	21	20000000	21000000	1000000	54	132074	0.13207400	40713	0.04071300	132429	0.13242900	0.35781700
VPAN_seq000004	chr4	22	21000000	22000000	1000000	32	280759	0.28075900	79689	0.07968900	113498	0.11349800	0.39823145
VPAN_seq000004	chr4	23	22000000	23000000	1000000	31	242869	0.24286900	31364	0.03136400	114693	0.11469300	0.38565669
VPAN_seq000004	chr4	24	23000000	23793664	793664	20	224256	0.28255786	39667	0.04997959	102242	0.12882278	0.38937659
VPAN_seq000005	chr5	1	0	1000000	1000000	30	250690	0.25069000	42898	0.04289800	102396	0.10239600	0.38440222
VPAN_seq000005	chr5	2	1000000	2000000	1000000	41	134260	0.13426000	38841	0.03884100	131010	0.13101000	0.36565891
VPAN_seq000005	chr5	3	2000000	3000000	1000000	69	85001	0.08500100	66541	0.06654100	140076	0.14007600	0.35503500
VPAN_seq000005	chr5	4	3000000	4000000	1000000	118	18979	0.01897900	27096	0.02709600	146582	0.14658200	0.34514700
VPAN_seq000005	chr5	5	4000000	5000000	1000000	130	5979	0.00597900	17559	0.01755900	140429	0.14042900	0.33936700
VPAN_seq000005	chr5	6	5000000	6000000	1000000	131	15896	0.01589600	23154	0.02315400	119878	0.11987800	0.34179600
VPAN_seq000005	chr5	7	6000000	7000000	1000000	142	2132	0.00213200	17335	0.01733500	104682	0.10468200	0.34491900
VPAN_seq000005	chr5	8	7000000	8000000	1000000	166	11155	0.01115500	1160	0.00116000	99120	0.09912000	0.34676000
VPAN_seq000005	chr5	9	8000000	9000000	1000000	185	2562	0.00256200	24954	0.02495400	87880	0.08788000	0.34749800
VPAN_seq000005	chr5	10	9000000	10000000	1000000	176	4626	0.00462600	28151	0.02815100	106205	0.10620500	0.34877676
VPAN_seq000005	chr5	11	10000000	11000000	1000000	187	4582	0.00458200	133	0.00013300	84080	0.08408000	0.34594197
VPAN_seq000005	chr5	12	11000000	12000000	1000000	160	3740	0.00374000	7220	0.00722000	118106	0.11810600	0.33863600
VPAN_seq000005	chr5	13	12000000	13000000	1000000	132	14392	0.01439200	14370	0.01437000	114298	0.11429800	0.34171500
VPAN_seq000005	chr5	14	13000000	14000000	1000000	131	9543	0.00954300	13646	0.01364600	132691	0.13269100	0.34608300
VPAN_seq000005	chr5	15	14000000	15000000	1000000	100	7721	0.00772100	14359	0.01435900	152492	0.15249200	0.33564956
VPAN_seq000005	chr5	16	15000000	16000000	1000000	111	6848	0.00684800	8937	0.00893700	144501	0.14450100	0.33515452
VPAN_seq000005	chr5	17	16000000	17000000	1000000	117	20970	0.02097000	10348	0.01034800	143622	0.14362200	0.34426600
VPAN_seq000005	chr5	18	17000000	18000000	1000000	94	44353	0.04435300	24428	0.02442800	160553	0.16055300	0.34474789
VPAN_seq000005	chr5	19	18000000	19000000	1000000	85	115338	0.11533800	36848	0.03684800	172162	0.17216200	0.36150815
VPAN_seq000005	chr5	20	19000000	20000000	1000000	28	221263	0.22126300	67623	0.06762300	130381	0.13038100	0.38732400
VPAN_seq000005	chr5	21	20000000	21000000	1000000	48	319829	0.31982900	53533	0.05353300	102998	0.10299800	0.40609711
VPAN_seq000005	chr5	22	21000000	21249483	249483	2	114744	0.45992713	9014	0.03613072	20901	0.08377725	0.44221628
VPAN_seq000006	chr6	1	0	1000000	1000000	27	259459	0.25945900	66487	0.06648700	161575	0.16157500	0.40231497
VPAN_seq000006	chr6	2	1000000	2000000	1000000	53	159881	0.15988100	30298	0.03029800	162934	0.16293400	0.36531266
VPAN_seq000006	chr6	3	2000000	3000000	1000000	57	81980	0.08198000	32158	0.03215800	164299	0.16429900	0.34896690
VPAN_seq000006	chr6	4	3000000	4000000	1000000	78	61274	0.06127400	20759	0.02075900	176387	0.17638700	0.34614561
VPAN_seq000006	chr6	5	4000000	5000000	1000000	110	15746	0.01574600	21802	0.02180200	139331	0.13933100	0.34269900
VPAN_seq000006	chr6	6	5000000	6000000	1000000	113	33017	0.03301700	19884	0.01988400	167232	0.16723200	0.34216559
VPAN_seq000006	chr6	7	6000000	7000000	1000000	121	14235	0.01423500	6895	0.00689500	155531	0.15553100	0.34449200
VPAN_seq000006	chr6	8	7000000	8000000	1000000	100	6369	0.00636900	22101	0.02210100	136553	0.13655300	0.33910100
VPAN_seq000006	chr6	9	8000000	9000000	1000000	120	13637	0.01363700	19055	0.01905500	106789	0.10678900	0.34605407
VPAN_seq000006	chr6	10	9000000	10000000	1000000	134	5257	0.00525700	15697	0.01569700	97406	0.09740600	0.34911800
VPAN_seq000006	chr6	11	10000000	11000000	1000000	195	2556	0.00255600	15600	0.01560000	108224	0.10822400	0.35096118
VPAN_seq000006	chr6	12	11000000	12000000	1000000	209	5514	0.00551400	4676	0.00467600	85924	0.08592400	0.34969800
VPAN_seq000006	chr6	13	12000000	13000000	1000000	168	2850	0.00285000	727	0.00072700	111001	0.11100100	0.34234600
VPAN_seq000006	chr6	14	13000000	14000000	1000000	155	681	0.00068100	2906	0.00290600	107654	0.10765400	0.34372000
VPAN_seq000006	chr6	15	14000000	15000000	1000000	152	6561	0.00656100	6043	0.00604300	111526	0.11152600	0.34507900
VPAN_seq000006	chr6	16	15000000	16000000	1000000	158	8588	0.00858800	7591	0.00759100	101262	0.10126200	0.34618200
VPAN_seq000006	chr6	17	16000000	17000000	1000000	169	8451	0.00845100	4653	0.00465300	115664	0.11566400	0.34439400
VPAN_seq000006	chr6	18	17000000	18000000	1000000	152	2738	0.00273800	13485	0.01348500	126752	0.12675200	0.34245000
VPAN_seq000006	chr6	19	18000000	19000000	1000000	144	11840	0.01184000	1219	0.00121900	126644	0.12664400	0.34269600
VPAN_seq000006	chr6	20	19000000	20000000	1000000	159	3783	0.00378300	6408	0.00640800	106810	0.10681000	0.34135600
VPAN_seq000006	chr6	21	20000000	21000000	1000000	148	10018	0.01001800	8867	0.00886700	121969	0.12196900	0.34057500
VPAN_seq000006	chr6	22	21000000	22000000	1000000	146	14527	0.01452700	7857	0.00785700	131530	0.13153000	0.34403000
VPAN_seq000006	chr6	23	22000000	23000000	1000000	115	26746	0.02674600	24837	0.02483700	175701	0.17570100	0.33989199
VPAN_seq000006	chr6	24	23000000	24000000	1000000	118	39333	0.03933300	36108	0.03610800	159301	0.15930100	0.34043640
VPAN_seq000006	chr6	25	24000000	25000000	1000000	79	59797	0.05979700	29340	0.02934000	190170	0.19017000	0.34649100
VPAN_seq000006	chr6	26	25000000	26000000	1000000	58	149745	0.14974500	34390	0.03439000	125017	0.12501700	0.37060909
VPAN_seq000006	chr6	27	26000000	27000000	1000000	52	245749	0.24574900	50517	0.05051700	150340	0.15034000	0.38479681
VPAN_seq000006	chr6	28	27000000	27690849	690849	19	183968	0.26629263	52215	0.07558092	86491	0.12519523	0.39108095
VPAN_seq000007	chr7	1	0	1000000	1000000	28	257535	0.25753500	71464	0.07146400	82059	0.08205900	0.39402132
VPAN_seq000007	chr7	2	1000000	2000000	1000000	44	247471	0.24747100	86446	0.08644600	101466	0.10146600	0.38933063
VPAN_seq000007	chr7	3	2000000	3000000	1000000	38	120777	0.12077700	91679	0.09167900	110905	0.11090500	0.36044074
VPAN_seq000007	chr7	4	3000000	4000000	1000000	78	88955	0.08895500	35061	0.03506100	168458	0.16845800	0.35422396
VPAN_seq000007	chr7	5	4000000	5000000	1000000	115	31290	0.03129000	17693	0.01769300	138234	0.13823400	0.34414000
VPAN_seq000007	chr7	6	5000000	6000000	1000000	143	14661	0.01466100	22269	0.02226900	118936	0.11893600	0.34225630
VPAN_seq000007	chr7	7	6000000	7000000	1000000	126	9774	0.00977400	16623	0.01662300	123998	0.12399800	0.34511900
VPAN_seq000007	chr7	8	7000000	8000000	1000000	148	6204	0.00620400	13567	0.01356700	110087	0.11008700	0.34488700
VPAN_seq000007	chr7	9	8000000	9000000	1000000	142	4011	0.00401100	13839	0.01383900	115107	0.11510700	0.34083500
VPAN_seq000007	chr7	10	9000000	10000000	1000000	138	13186	0.01318600	9771	0.00977100	165165	0.16516500	0.33729300
VPAN_seq000007	chr7	11	10000000	11000000	1000000	136	6312	0.00631200	12314	0.01231400	113621	0.11362100	0.33846500
VPAN_seq000007	chr7	12	11000000	12000000	1000000	167	215	0.00021500	17893	0.01789300	125649	0.12564900	0.33858700
VPAN_seq000007	chr7	13	12000000	13000000	1000000	169	911	0.00091100	3284	0.00328400	97225	0.09722500	0.34331700
VPAN_seq000007	chr7	14	13000000	14000000	1000000	162	4085	0.00408500	5106	0.00510600	104141	0.10414100	0.33886800
VPAN_seq000007	chr7	15	14000000	15000000	1000000	156	960	0.00096000	6721	0.00672100	98183	0.09818300	0.34670867
VPAN_seq000007	chr7	16	15000000	16000000	1000000	155	2887	0.00288700	8561	0.00856100	109576	0.10957600	0.34103700
VPAN_seq000007	chr7	17	16000000	17000000	1000000	183	4431	0.00443100	4387	0.00438700	75676	0.07567600	0.35303057
VPAN_seq000007	chr7	18	17000000	18000000	1000000	148	11461	0.01146100	16353	0.01635300	116408	0.11640800	0.34619100
VPAN_seq000007	chr7	19	18000000	19000000	1000000	146	1564	0.00156400	7539	0.00753900	129637	0.12963700	0.34536900
VPAN_seq000007	chr7	20	19000000	20000000	1000000	106	23801	0.02380100	20504	0.02050400	117159	0.11715900	0.34920084
VPAN_seq000007	chr7	21	20000000	21000000	1000000	149	4104	0.00410400	26143	0.02614300	119202	0.11920200	0.34271300
VPAN_seq000007	chr7	22	21000000	22000000	1000000	114	16099	0.01609900	17716	0.01771600	137194	0.13719400	0.34296000
VPAN_seq000007	chr7	23	22000000	23000000	1000000	122	13289	0.01328900	30727	0.03072700	139254	0.13925400	0.34308700
VPAN_seq000007	chr7	24	23000000	24000000	1000000	77	56470	0.05647000	40782	0.04078200	146727	0.14672700	0.34861900
VPAN_seq000007	chr7	25	24000000	25000000	1000000	58	202401	0.20240100	53712	0.05371200	146151	0.14615100	0.37648265
VPAN_seq000007	chr7	26	25000000	26000000	1000000	32	305343	0.30534300	50285	0.05028500	95211	0.09521100	0.39550916
VPAN_seq000007	chr7	27	26000000	26614034	614034	13	189045	0.30787383	14842	0.02417130	72429	0.11795601	0.40603980
VPAN_seq000008	chr8	1	0	1000000	1000000	54	325769	0.32576900	27798	0.02779800	96760	0.09676000	0.39831045
VPAN_seq000008	chr8	2	1000000	2000000	1000000	42	192763	0.19276300	47212	0.04721200	116508	0.11650800	0.37726018
VPAN_seq000008	chr8	3	2000000	3000000	1000000	69	110968	0.11096800	46966	0.04696600	166906	0.16690600	0.35984360
VPAN_seq000008	chr8	4	3000000	4000000	1000000	94	60192	0.06019200	25942	0.02594200	156467	0.15646700	0.35037900
VPAN_seq000008	chr8	5	4000000	5000000	1000000	123	12751	0.01275100	28626	0.02862600	156626	0.15662600	0.33938252
VPAN_seq000008	chr8	6	5000000	6000000	1000000	121	12250	0.01225000	18936	0.01893600	139626	0.13962600	0.33934100
VPAN_seq000008	chr8	7	6000000	7000000	1000000	117	6672	0.00667200	7568	0.00756800	132903	0.13290300	0.34047824
VPAN_seq000008	chr8	8	7000000	8000000	1000000	131	5005	0.00500500	22447	0.02244700	119866	0.11986600	0.34374400
VPAN_seq000008	chr8	9	8000000	9000000	1000000	138	5615	0.00561500	5449	0.00544900	107836	0.10783600	0.34303500
VPAN_seq000008	chr8	10	9000000	10000000	1000000	127	8008	0.00800800	7125	0.00712500	126798	0.12679800	0.34089300
VPAN_seq000008	chr8	11	10000000	11000000	1000000	139	18337	0.01833700	6953	0.00695300	116772	0.11677200	0.34234000
VPAN_seq000008	chr8	12	11000000	12000000	1000000	137	1425	0.00142500	21260	0.02126000	122127	0.12212700	0.34213900
VPAN_seq000008	chr8	13	12000000	13000000	1000000	142	8361	0.00836100	11921	0.01192100	104889	0.10488900	0.34401300
VPAN_seq000008	chr8	14	13000000	14000000	1000000	141	6026	0.00602600	10259	0.01025900	107306	0.10730600	0.34904400
VPAN_seq000008	chr8	15	14000000	15000000	1000000	179	11060	0.01106000	9508	0.00950800	97120	0.09712000	0.35112856
VPAN_seq000008	chr8	16	15000000	16000000	1000000	128	2033	0.00203300	16560	0.01656000	105431	0.10543100	0.34904500
VPAN_seq000008	chr8	17	16000000	17000000	1000000	136	2926	0.00292600	2409	0.00240900	122384	0.12238400	0.34308100
VPAN_seq000008	chr8	18	17000000	18000000	1000000	152	9881	0.00988100	1525	0.00152500	152506	0.15250600	0.34645900
VPAN_seq000008	chr8	19	18000000	19000000	1000000	157	27311	0.02731100	9131	0.00913100	98546	0.09854600	0.35195300
VPAN_seq000008	chr8	20	19000000	20000000	1000000	136	13251	0.01325100	23119	0.02311900	129781	0.12978100	0.34310043
VPAN_seq000008	chr8	21	20000000	21000000	1000000	114	20996	0.02099600	15114	0.01511400	149756	0.14975600	0.33862539
VPAN_seq000008	chr8	22	21000000	22000000	1000000	113	25346	0.02534600	37064	0.03706400	147116	0.14711600	0.34804600
VPAN_seq000008	chr8	23	22000000	23000000	1000000	74	72684	0.07268400	34970	0.03497000	118400	0.11840000	0.35660823
VPAN_seq000008	chr8	24	23000000	24000000	1000000	55	197798	0.19779800	38198	0.03819800	117803	0.11780300	0.37673335
VPAN_seq000008	chr8	25	24000000	25000000	1000000	36	224632	0.22463200	74993	0.07499300	137683	0.13768300	0.38918872
VPAN_seq000008	chr8	26	25000000	25366689	366689	9	157276	0.42890842	2726	0.00743409	36266	0.09890125	0.42598224
VPAN_seq000009	chr9	1	0	1000000	1000000	62	133935	0.13393500	98456	0.09845600	141728	0.14172800	0.37389478
VPAN_seq000009	chr9	2	1000000	2000000	1000000	61	88763	0.08876300	24269	0.02426900	138947	0.13894700	0.35768977
VPAN_seq000009	chr9	3	2000000	3000000	1000000	113	49947	0.04994700	35710	0.03571000	132653	0.13265300	0.34530753
VPAN_seq000009	chr9	4	3000000	4000000	1000000	130	30585	0.03058500	10128	0.01012800	124216	0.12421600	0.34309543
VPAN_seq000009	chr9	5	4000000	5000000	1000000	130	5333	0.00533300	20438	0.02043800	170968	0.17096800	0.34004500
VPAN_seq000009	chr9	6	5000000	6000000	1000000	136	5627	0.00562700	11571	0.01157100	142429	0.14242900	0.34392700
VPAN_seq000009	chr9	7	6000000	7000000	1000000	155	211	0.00021100	13520	0.01352000	111311	0.11131100	0.34316600
VPAN_seq000009	chr9	8	7000000	8000000	1000000	167	5488	0.00548800	15875	0.01587500	103035	0.10303500	0.34655500
VPAN_seq000009	chr9	9	8000000	9000000	1000000	130	9287	0.00928700	11134	0.01113400	115141	0.11514100	0.34325000
VPAN_seq000009	chr9	10	9000000	10000000	1000000	168	388	0.00038800	12250	0.01225000	102854	0.10285400	0.34044900
VPAN_seq000009	chr9	11	10000000	11000000	1000000	163	1253	0.00125300	4399	0.00439900	105555	0.10555500	0.34432800
VPAN_seq000009	chr9	12	11000000	12000000	1000000	184	587	0.00058700	2573	0.00257300	96270	0.09627000	0.35036561
VPAN_seq000009	chr9	13	12000000	13000000	1000000	177	5037	0.00503700	11464	0.01146400	88730	0.08873000	0.34537154
VPAN_seq000009	chr9	14	13000000	14000000	1000000	138	1072	0.00107200	6809	0.00680900	101858	0.10185800	0.34421200
VPAN_seq000009	chr9	15	14000000	15000000	1000000	147	2653	0.00265300	17132	0.01713200	156214	0.15621400	0.33961400
VPAN_seq000009	chr9	16	15000000	16000000	1000000	136	2031	0.00203100	6332	0.00633200	149477	0.14947700	0.33772200
VPAN_seq000009	chr9	17	16000000	17000000	1000000	122	5435	0.00543500	19962	0.01996200	137964	0.13796400	0.34103410
VPAN_seq000009	chr9	18	17000000	18000000	1000000	123	5461	0.00546100	16497	0.01649700	144298	0.14429800	0.34126400
VPAN_seq000009	chr9	19	18000000	19000000	1000000	135	4489	0.00448900	5519	0.00551900	126546	0.12654600	0.34078616
VPAN_seq000009	chr9	20	19000000	20000000	1000000	109	29142	0.02914200	22566	0.02256600	133198	0.13319800	0.34373600
VPAN_seq000009	chr9	21	20000000	21000000	1000000	84	47136	0.04713600	39090	0.03909000	175960	0.17596000	0.34218000
VPAN_seq000009	chr9	22	21000000	22000000	1000000	67	142829	0.14282900	48601	0.04860100	133858	0.13385800	0.37085487
VPAN_seq000009	chr9	23	22000000	23000000	1000000	36	328439	0.32843900	31894	0.03189400	97188	0.09718800	0.39747950
VPAN_seq000009	chr9	24	23000000	24000000	1000000	34	259263	0.25926300	39755	0.03975500	145665	0.14566500	0.38205821
VPAN_seq000009	chr9	25	24000000	25000000	1000000	31	316239	0.31623900	24512	0.02451200	102684	0.10268400	0.40902717
VPAN_seq000009	chr9	26	25000000	25741366	741366	32	164914	0.22244613	50953	0.06872854	84664	0.11420000	0.38818501
